{
  "integrations": [
    {
      "id": "ed4799d8-f5b8-4ff0-883f-ea8fb4cc4e01",
      "name": "Inbound - ManageEngine Alert",
      "action": "CREATE_EVENT",
      "type": "INBOUND_WEBHOOK",
      "deployed": true,
      "form": "1063e502-d67d-47e4-a21d-5c09fb0d20dc",
      "script": "var payload = JXON.parse(request.body); //Use this if the payload is XML in the request body\nconsole.log(\"Submission converted to JSON: \" + JSON.stringify(payload));\n\nvar trigger = {};\ntrigger.properties = {};\n\nvar arr = payload.api.response.operation.details.parameter;\n\n//Loop through event paramters and assign to xMatters event\nfor (var prop = 0; prop < arr.length; prop++) {\n  //console.log(arr[prop].name + \" : \" + arr[prop].value);\n  trigger.properties[arr[prop].name] = arr[prop].value.toString();\n}\n\n//Terminate existing events \nvar workorderid = trigger.properties.workorderid;\nif (workorderid) {\n\n  var xMattersEvent = require('xMattersEvent');\n\n  var events = xMattersEvent.getExistingEvents(workorderid);\n\n  if (events) {\n    var eventInt = 0;\n    while (eventInt < events.count) {\n\n      var eventId = events.data[eventInt].id;\n      xMattersEvent.terminateEvent(eventId);\n\n      eventInt++;\n    }\n  }\n}\n\n//Prepare recipient handling\nvar technicianId = trigger.properties.technician_loginname;\n\nif (technicianId) {\n  trigger.recipients = [];\n\n  trigger.recipients.push({\n    'id': technicianId,\n    'recipientType': 'PERSON'\n  });\n}\n\nconsole.log(\"Creating Event with the following detail: \" + JSON.stringify(trigger));\nform.post(trigger);",
      "environment": "HOSTED",
      "authType": "BASIC"
    }
  ],
  "endpoints": [],
  "constants": []
}