[
  {
    "name": "xMattersEvent",
    "script": "/*\n * Shared libraries allow you to write code once and reuse it in\n * multiple scripts in the Integration Builder.\n *\n * This example shows you how to create a new function named 'myFunction'\n * and add it to this shared library.\n *\n * To use this function in another script, include the following statements,\n * replacing 'My Shared Libarary' with the name of this shared library.\n *\n *  var mySharedLibrary = require('My Shared Library');\n *  var message = mySharedLibrary.myFunction();\n */\n\nexports.terminateEvent = function(xEventID) {\n  /**\n   * This script is configured to work within the xMatters Integration Builder.\n   * Configure the \"xMatters\" endpoint to use a valid username and password.\n   */\n\n  var request = http.request({\n    \"endpoint\": \"xMatters\",\n    \"path\": \"/api/xm/1/events/\",\n    \"method\": \"POST\",\n    \"headers\": {\n      \"Content-Type\": \"application/json\"\n    }\n  });\n\n  var data = {};\n  data.id = xEventID;\n  data.status = 'TERMINATED';\n\n  response = request.write(data);\n\n  if (response.statusCode == 200) {\n    json = JSON.parse(response.body);\n    console.log(\"Terminated event. ID = \" + json.id);\n  }\n};\n\nexports.getExistingEvents = function(workorderid) {\n\n  /**\n   * This script is configured to work within the xMatters Integration Builder.\n   * Configure the \"xMatters\" endpoint to use a valid username and password.\n   */\n  var request = http.request({\n    \"endpoint\": \"xMatters\",\n    \"path\": \"/api/xm/1/events?propertyName=workorderid%23en&propertyValue=\" + encodeURIComponent(workorderid),\n    \"method\": \"GET\",\n    \"autoEncodeURI\": false\n  });\n\n  var response = request.write();\n  var json;\n  if (response.statusCode == 200) {\n    json = JSON.parse(response.body);\n    console.log(\"Retrieved events: \" + json.count);\n  }\n  return json;\n};"
  }
]